States/UTs,2009,2010,2011,2012,2013,2014,2015
Andhra Pradesh,14617,23490,0,19298,0,NA,NA
Arunachal Pradesh,0,10,7,0,0,NA,NA
Assam,0,5828,6569,6535,0,NA,NA
Bihar,0,0,0,0,0,NA,NA
Chhattisgarh,0,0,0,0,0,NA,NA
Goa,0,0,0,0,0,NA,NA
Gujarat,0,0,4671,8089,0,NA,NA
Haryana,0,0,0,0,0,NA,NA
Himachal Pradesh,0,0,1492,1020,0,NA,NA
Jammu & Kashmir,1899,1907,3978,4100,0,NA,NA
Jharkhand,0,3609,1521,2845,0,NA,NA
Karnataka,0,0,0,0,0,NA,NA
Kerala,31,0,0,0,0,NA,NA
Madhya Pradesh,0,0,0,0,0,NA,NA
Maharashtra,8959,50298,47888,46311,0,NA,NA
Manipur,0,477,0,0,0,NA,NA
Meghalaya,0,0,0,0,0,NA,NA
Mizoram,0,0,0,0,0,NA,NA
Nagaland,0,4,0,0,0,305,NA
Odisha,0,0,0,0,0,NA,NA
Punjab,1514,1122,1053,907,893,1078,891
Rajasthan,0,0,1809,6065,7466,NA,NA
Sikkim,0,21,0,0,0,NA,NA
Tamil Nadu,0,0,0,10636,0,NA,NA
Telangana,NA,NA,NA,NA,NA,NA,NA
Tripura,0,0,0,0,0,NA,NA
Uttarakhand,0,0,0,393,0,NA,NA
Uttar Pradesh,0,0,190,0,0,NA,NA
West Bengal,0,13064,11719,8511,8964,NA,NA
Andaman & Nicobar Islands,0,0,0,0,0,NA,NA
Chandigarh,424,174,66,58,0,369,416
Dadra & Nagar Haveli,9,13,21,8,0,15,NA
Daman & Diu,10,19,34,25,4,NA,NA
Delhi,7516,7260,7281,6937,7566,8623,NA
Lakshadweep,0,0,0,3,1,NA,NA
Puducherry,761,651,453,0,0,NA,NA
Total,35740,107947,88752,121741,24894,10390,1307
