States/UTs,Total No. of Road Accidents due to Fault of Driver,Number of Persons Killed due to Fault of Driver,Number of Persons Injured due to Fault of Driver,Total No. of Road Accidents due to Fault of Cyclist,Number of Persons Killed due to Fault of Cyclist,Number of Persons Injured due to Fault of Cyclist,Total No. of Road Accidents due to Fault of Pedestrian,Number of Persons Killed due to Fault of Pedestrian,Number of Persons Injured due to Fault of Pedestrian,Total No. of Road Accidents due to Defect in Condition of Motor Vehicle,Number of Persons Killed due to Defect in Condition of Motor Vehicle,Number of Persons Injured due to Defect in Condition of Motor Vehicle,Total No. of Road Accidents due to Defect in Road Condition,Number of Persons Killed due to Defect in Road Condition,Number of Persons Injured due to Defect in Road Condition,Total No. of Road Accidents due to Weather Condition,Number of Persons Killed due to Weather Condition,Number of Persons Injured due to Weather Condition,Total No. of Road Accidents due to All Other Causes*,Number of Persons Killed due to All Other Causes*,Number of Persons Injured due to All Other Causes*
Andhra Pradesh,33222,11492,32982,378,144,475,876,330,1237,504,217,1111,1339,580,1531,392,196,815,5813,2005,13401
Arunachal Pradesh,79,46,81,23,5,7,10,4,3,24,19,54,23,14,39,15,20,29,77,30,186
Assam,6184,2134,6469,85,42,59,213,95,136,0,0,0,0,0,0,0,0,0,53,20,45
Bihar,6225,3082,4786,159,89,76,143,83,57,368,194,191,283,155,138,457,218,282,2685,1235,1612
Chhattisgarh,9178,1991,9047,158,36,137,93,26,60,682,211,590,316,74,443,243,63,268,2841,766,2972
Goa,3954,265,1887,65,4,34,116,22,69,6,0,7,1,0,1,4,1,2,166,0,86
Gujarat,23980,6811,23937,605,118,503,2648,717,2489,69,27,72,32,9,35,37,6,29,578,129,585
Haryana,7890,3364,7788,118,70,61,306,132,237,146,74,123,142,55,74,131,88,89,1332,663,1080
Himachal Pradesh,2662,1027,4855,4,3,11,15,3,28,15,7,15,34,18,52,0,0,0,169,51,287
Jammu and Kashmir,4350,776,4675,6,1,1,335,0,0,69,14,212,28,10,145,6,3,60,1915,361,4662
Jharkhand,3374,1769,2962,120,45,75,182,177,279,266,101,293,239,103,221,252,113,248,1278,510,896
Karnataka,36545,7625,48342,259,77,211,837,236,705,477,133,1167,241,57,624,263,56,610,5826,1264,7000
Kerala,36142,4277,41893,7,2,5,21,7,14,0,0,0,0,0,0,0,0,0,4,0,3
Madhya Pradesh,40975,6532,45944,425,61,525,847,116,905,1112,204,1239,818,131,806,365,54,368,6668,1077,6207
Maharashtra,56418,11087,37567,447,171,429,1991,973,1883,442,54,352,315,61,238,21,8,18,6682,979,3360
Manipur,0,0,0,0,0,0,0,0,0,211,62,352,102,23,171,18,1,34,440,72,834
Meghalaya,23,26,13,0,0,0,22,23,13,117,44,64,32,12,19,37,13,30,252,101,183
Mizoram,110,77,172,0,0,0,0,0,0,0,0,0,0,0,0,0,0,0,0,0,0
Nagaland,5,11,11,0,0,0,0,0,0,6,10,9,0,0,0,0,0,0,31,35,29
Odisha,8781,3511,10180,143,48,149,90,34,96,33,12,30,19,12,18,10,2,10,209,82,232
Punjab,3804,2839,2610,125,103,66,82,76,42,163,106,120,92,77,35,162,147,92,1913,1472,1032
Rajasthan,21939,9181,27064,12,5,7,21,9,16,28,7,27,209,47,221,30,11,32,730,268,768
Sikkim,11,12,35,0,0,0,0,0,0,0,0,0,0,0,0,16,20,64,131,23,237
Tamil Nadu,57507,13453,67088,735,186,752,1495,685,660,107,53,62,1072,219,1267,291,65,332,6550,1514,8187
Tripura,705,201,1009,5,3,3,42,12,31,20,5,20,0,0,0,37,13,42,79,38,132
Uttarakhand,1013,471,852,3,3,0,9,2,4,21,25,63,43,15,60,0,0,0,383,328,598
Uttar Pradesh,12759,6164,7956,1803,1147,1473,1313,742,983,1482,870,1159,756,345,661,824,412,935,11035,6469,8988
West Bengal,6191,2581,6871,179,86,133,478,233,494,669,290,895,660,329,633,919,390,1232,3194,1488,3515
Andaman and Nicobar Is.,236,25,288,0,0,0,0,0,0,0,0,0,0,0,0,0,0,0,0,0,0
Chandigarh,419,136,347,0,0,0,0,0,0,0,0,0,0,0,0,0,0,0,0,0,0
Dadra and Nagar Haveli,85,53,122,0,0,0,0,0,0,0,0,0,0,0,0,0,0,0,0,0,0
Daman and Diu,40,20,38,0,0,0,0,0,0,0,0,0,0,0,0,0,0,0,10,9,1
Delhi **,0,0,0,0,0,0,0,0,0,0,0,0,0,0,0,0,0,0,6937,1866,6633
Lakshadweep,3,0,3,0,0,0,0,0,0,0,0,0,0,0,0,0,0,0,0,0,0
Puducherry,1125,172,1091,0,0,0,0,0,0,0,0,0,0,0,0,0,0,0,56,21,38
Total,385934,101211,398965,5864,2449,5192,12185,4737,10441,7037,2739,8227,6796,2346,7432,4530,1900,5621,68037,22876,73789
